,date,deaths_ca,cases_ca,cases_100k_ca,cases_14_100k_ca,deaths_uk,cases_uk,cases_100k_uk,cases_14_100k_uk,deaths_us,cases_us,cases_100k_us,cases_14_100k_us
0,12/31/2019,0,0,0.0,0.0,0.0,0.0,0.0,0.0,0.0,0.0,0.0,0.0
1,1/1/2020,0,0,0.0,0.0,0.0,0.0,0.0,0.0,0.0,0.0,0.0,0.0
2,1/2/2020,0,0,0.0,0.0,0.0,0.0,0.0,0.0,0.0,0.0,0.0,0.0
3,1/3/2020,0,0,0.0,0.0,0.0,0.0,0.0,0.0,0.0,0.0,0.0,0.0
4,1/4/2020,0,0,0.0,0.0,0.0,0.0,0.0,0.0,0.0,0.0,0.0,0.0
5,1/5/2020,0,0,0.0,0.0,0.0,0.0,0.0,0.0,0.0,0.0,0.0,0.0
6,1/6/2020,0,0,0.0,0.0,0.0,0.0,0.0,0.0,0.0,0.0,0.0,0.0
7,1/7/2020,0,0,0.0,0.0,0.0,0.0,0.0,0.0,0.0,0.0,0.0,0.0
8,1/8/2020,0,0,0.0,0.0,0.0,0.0,0.0,0.0,0.0,0.0,0.0,0.0
9,1/9/2020,0,0,0.0,0.0,0.0,0.0,0.0,0.0,0.0,0.0,0.0,0.0
10,1/10/2020,0,0,0.0,0.0,0.0,0.0,0.0,0.0,0.0,0.0,0.0,0.0
11,1/11/2020,0,0,0.0,0.0,0.0,0.0,0.0,0.0,0.0,0.0,0.0,0.0
12,1/12/2020,0,0,0.0,0.0,0.0,0.0,0.0,0.0,0.0,0.0,0.0,0.0
13,1/13/2020,0,0,0.0,0.0,0.0,0.0,0.0,0.0,0.0,0.0,0.0,0.0
14,1/14/2020,0,0,0.0,0.0,0.0,0.0,0.0,0.0,0.0,0.0,0.0,0.0
15,1/15/2020,0,0,0.0,0.0,0.0,0.0,0.0,0.0,0.0,0.0,0.0,0.0
16,1/16/2020,0,0,0.0,0.0,0.0,0.0,0.0,0.0,0.0,0.0,0.0,0.0
17,1/17/2020,0,0,0.0,0.0,0.0,0.0,0.0,0.0,0.0,0.0,0.0,0.0
18,1/18/2020,0,0,0.0,0.0,0.0,0.0,0.0,0.0,0.0,0.0,0.0,0.0
19,1/19/2020,0,0,0.0,0.0,0.0,0.0,0.0,0.0,0.0,0.0,0.0,0.0
20,1/20/2020,0,0,0.0,0.0,0.0,0.0,0.0,0.0,0.0,0.0,0.0,0.0
21,1/21/2020,0,0,0.0,0.0,0.0,0.0,0.0,0.0,0.0,1.0,0.0,0.0
22,1/22/2020,0,0,0.0,0.0,0.0,0.0,0.0,0.0,0.0,1.0,0.0,0.0
23,1/23/2020,0,0,0.0,0.0,0.0,0.0,0.0,0.0,0.0,1.0,0.0,0.0
24,1/24/2020,0,0,0.0,0.0,0.0,0.0,0.0,0.0,0.0,1.0,0.0,0.0
25,1/25/2020,0,0,0.0,0.0,0.0,0.0,0.0,0.0,0.0,2.0,0.0,0.0
26,1/26/2020,0,1,0.0,0.0,0.0,0.0,0.0,0.0,0.0,2.0,0.0,0.0
27,1/27/2020,0,1,0.0,0.0,0.0,0.0,0.0,0.0,0.0,5.0,0.0,0.0
28,1/28/2020,0,2,0.01,0.01,0.0,0.0,0.0,0.0,0.0,5.0,0.0,0.0
29,1/29/2020,0,3,0.01,0.01,0.0,0.0,0.0,0.0,0.0,5.0,0.0,0.0
30,1/30/2020,0,3,0.01,0.01,0.0,0.0,0.0,0.0,0.0,5.0,0.0,0.0
31,1/31/2020,0,3,0.01,0.01,0.0,0.0,0.0,0.0,0.0,6.0,0.0,0.0
32,2/1/2020,0,4,0.01,0.01,0.0,2.0,0.0,0.0,0.0,7.0,0.0,0.0
33,2/2/2020,0,4,0.01,0.01,0.0,2.0,0.0,0.0,0.0,8.0,0.0,0.0
34,2/3/2020,0,4,0.01,0.01,0.0,2.0,0.0,0.0,0.0,11.0,0.0,0.0
35,2/4/2020,0,4,0.01,0.01,0.0,2.0,0.0,0.0,0.0,11.0,0.0,0.0
36,2/5/2020,0,5,0.01,0.01,0.0,3.0,0.0,0.0,0.0,11.0,0.0,0.0
37,2/6/2020,0,5,0.01,0.01,0.0,3.0,0.0,0.0,0.0,12.0,0.0,0.0
38,2/7/2020,0,7,0.02,0.02,0.0,4.0,0.01,0.01,0.0,12.0,0.0,0.0
39,2/8/2020,0,7,0.02,0.02,0.0,4.0,0.01,0.01,0.0,12.0,0.0,0.0
40,2/9/2020,0,7,0.02,0.02,0.0,4.0,0.01,0.01,0.0,12.0,0.0,0.0
41,2/10/2020,0,7,0.02,0.01,0.0,8.0,0.01,0.01,0.0,12.0,0.0,0.0
42,2/11/2020,0,7,0.02,0.01,0.0,9.0,0.01,0.01,0.0,13.0,0.0,0.0
43,2/12/2020,0,7,0.02,0.01,0.0,9.0,0.01,0.01,0.0,13.0,0.0,0.0
44,2/13/2020,0,7,0.02,0.01,0.0,10.0,0.02,0.02,0.0,14.0,0.0,0.0
45,2/14/2020,0,7,0.02,0.01,0.0,10.0,0.02,0.01,0.0,15.0,0.0,0.0
46,2/15/2020,0,8,0.02,0.01,0.0,10.0,0.02,0.01,0.0,15.0,0.0,0.0
47,2/16/2020,0,8,0.02,0.01,0.0,10.0,0.02,0.01,0.0,15.0,0.0,0.0
48,2/17/2020,0,8,0.02,0.01,0.0,10.0,0.02,0.01,0.0,15.0,0.0,0.0
49,2/18/2020,0,8,0.02,0.01,0.0,10.0,0.02,0.01,0.0,15.0,0.0,0.0
50,2/19/2020,0,8,0.02,0.01,0.0,10.0,0.02,0.01,0.0,15.0,0.0,0.0
51,2/20/2020,0,8,0.02,0.0,0.0,10.0,0.02,0.01,0.0,15.0,0.0,0.0
52,2/21/2020,0,9,0.02,0.01,0.0,10.0,0.02,0.01,0.0,16.0,0.0,0.0
53,2/22/2020,0,9,0.02,0.01,0.0,10.0,0.02,0.01,0.0,35.0,0.01,0.01
54,2/23/2020,0,9,0.02,0.01,0.0,11.0,0.02,0.0,0.0,35.0,0.01,0.01
55,2/24/2020,0,9,0.02,0.01,0.0,11.0,0.02,0.0,0.0,35.0,0.01,0.01
56,2/25/2020,0,11,0.03,0.01,0.0,11.0,0.02,0.0,0.0,53.0,0.02,0.01
57,2/26/2020,0,11,0.03,0.01,0.0,13.0,0.02,0.0,0.0,53.0,0.02,0.01
58,2/27/2020,0,12,0.03,0.01,0.0,18.0,0.03,0.01,0.0,59.0,0.02,0.01
59,2/28/2020,0,14,0.04,0.02,0.0,22.0,0.03,0.02,0.0,60.0,0.02,0.01
60,2/29/2020,0,16,0.04,0.02,0.0,30.0,0.05,0.03,0.0,66.0,0.02,0.02
61,3/1/2020,0,20,0.05,0.03,0.0,42.0,0.06,0.05,1.0,69.0,0.02,0.02
62,3/2/2020,0,24,0.06,0.04,0.0,47.0,0.07,0.06,2.0,89.0,0.03,0.02
63,3/3/2020,0,27,0.07,0.05,0.0,69.0,0.1,0.09,6.0,103.0,0.03,0.03
64,3/4/2020,0,30,0.08,0.06,0.0,109.0,0.16,0.15,9.0,125.0,0.04,0.03
65,3/5/2020,0,33,0.09,0.06,0.0,164.0,0.25,0.23,11.0,159.0,0.05,0.04
66,3/6/2020,0,45,0.12,0.1,0.0,220.0,0.33,0.32,12.0,233.0,0.07,0.06
67,3/7/2020,0,51,0.14,0.11,1.0,271.0,0.41,0.39,14.0,338.0,0.1,0.09
68,3/8/2020,0,57,0.15,0.13,2.0,352.0,0.53,0.51,17.0,433.0,0.13,0.12
69,3/9/2020,0,62,0.17,0.14,2.0,412.0,0.62,0.6,21.0,554.0,0.17,0.15
70,3/10/2020,1,77,0.21,0.18,3.0,469.0,0.7,0.68,26.0,754.0,0.23,0.21
71,3/11/2020,1,93,0.25,0.22,7.0,617.0,0.93,0.9,28.0,1025.0,0.31,0.29
72,3/12/2020,1,103,0.28,0.24,7.0,876.0,1.31,1.28,30.0,1312.0,0.4,0.38
73,3/13/2020,1,138,0.37,0.33,9.0,1282.0,1.92,1.88,40.0,1663.0,0.51,0.49
74,3/14/2020,1,176,0.47,0.42,10.0,1766.0,2.65,2.59,47.0,2174.0,0.66,0.64
75,3/15/2020,1,244,0.65,0.59,29.0,2244.0,3.37,3.3,57.0,2951.0,0.9,0.87
76,3/16/2020,1,304,0.81,0.74,43.0,2605.0,3.91,3.81,69.0,3774.0,1.15,1.12
77,3/17/2020,4,424,1.13,1.05,65.0,3047.0,4.57,4.41,85.0,4661.0,1.42,1.38
78,3/18/2020,8,569,1.52,1.43,82.0,3658.0,5.49,5.24,108.0,6427.0,1.95,1.9
79,3/19/2020,9,690,1.84,1.72,116.0,4427.0,6.64,6.31,150.0,9415.0,2.86,2.79
80,3/20/2020,10,846,2.26,2.13,162.0,5426.0,8.14,7.73,150.0,14250.0,4.33,4.23
81,3/21/2020,12,971,2.6,2.44,194.0,6481.0,9.72,9.2,260.0,19624.0,5.96,5.83
82,3/22/2020,18,1302,3.48,3.31,252.0,7736.0,11.61,10.99,340.0,26747.0,8.13,7.96
83,3/23/2020,20,1430,3.82,3.62,288.0,8934.0,13.4,12.7,471.0,35206.0,10.7,10.47
84,3/24/2020,24,1646,4.4,4.15,364.0,10312.0,15.47,14.55,590.0,46442.0,14.11,13.8
85,3/25/2020,27,1959,5.24,4.96,512.0,12650.0,18.98,17.67,801.0,55231.0,16.78,16.39
86,3/26/2020,35,3385,9.05,8.68,703.0,15025.0,22.54,20.62,1050.0,69194.0,21.03,20.52
87,3/27/2020,39,4018,10.74,10.27,884.0,17717.0,26.58,23.93,1296.0,85991.0,26.13,25.47
88,3/28/2020,53,4675,12.5,11.84,1172.0,20804.0,31.22,27.85,1707.0,104686.0,31.81,30.92
89,3/29/2020,60,5386,14.4,13.58,1464.0,24001.0,36.01,32.1,2191.0,124665.0,37.88,36.74
90,3/30/2020,61,6255,16.72,15.59,1676.0,26823.0,40.25,35.67,2509.0,143025.0,43.46,42.05
91,3/31/2020,89,7424,19.84,18.32,2050.0,29681.0,44.53,39.05,3170.0,164620.0,50.03,48.07
92,4/1/2020,96,8536,22.82,20.97,2453.0,33954.0,50.95,44.3,4079.0,189618.0,57.62,54.76
93,4/2/2020,109,9595,25.65,23.39,3125.0,38468.0,57.72,49.58,5138.0,216721.0,65.86,61.53
94,4/3/2020,138,11268,30.12,27.52,3782.0,43381.0,65.09,55.37,6053.0,245540.0,74.62,68.65
95,4/4/2020,187,12519,33.46,29.98,4518.0,48249.0,72.39,60.79,7157.0,277965.0,84.47,76.34
96,4/5/2020,231,13882,37.11,33.28,5274.0,53160.0,79.76,66.36,8501.0,312237.0,94.89,84.19
97,4/6/2020,280,15496,41.42,37.02,5873.0,57180.0,85.8,70.32,9647.0,337635.0,102.6,88.49
98,4/7/2020,323,16653,44.51,39.28,6440.0,60772.0,91.18,72.2,10989.0,368196.0,111.89,95.11
99,4/8/2020,380,17883,47.8,38.75,7545.0,66054.0,99.11,76.57,12895.0,398809.0,121.19,100.17
100,4/9/2020,435,19274,51.52,40.78,8575.0,71504.0,107.29,80.7,14817.0,432132.0,131.32,105.19
101,4/10/2020,509,20748,55.46,42.96,9691.0,76635.0,114.99,83.77,16690.0,466033.0,141.62,109.81
102,4/11/2020,569,22133,59.16,44.76,10813.0,81493.0,122.28,86.26,18777.0,501560.0,152.42,114.54
103,4/12/2020,653,23301,62.28,45.56,11656.0,85806.0,128.75,88.5,20608.0,529951.0,161.05,117.58
104,4/13/2020,717,24365,65.13,45.28,12313.0,89385.0,134.12,89.58,22108.0,557571.0,169.44,119.41
105,4/14/2020,780,25663,68.6,45.78,13037.0,92874.0,139.35,88.41,23649.0,582594.0,177.05,119.42
106,4/15/2020,903,27046,72.29,46.65,14113.0,97052.0,145.62,87.9,26057.0,609516.0,185.23,119.37
107,4/16/2020,1010,28364,75.82,45.7,14993.0,101378.0,152.11,87.02,30985.0,639664.0,194.39,119.77
108,4/17/2020,1193,30081,80.41,46.94,16029.0,106443.0,159.71,87.32,33284.0,671331.0,204.01,119.54
109,4/18/2020,1309,31872,85.19,48.09,16942.0,111735.0,167.65,87.89,37054.0,702164.0,213.38,118.5
110,4/19/2020,1467,33341,89.12,47.7,18047.0,116691.0,175.09,89.29,38910.0,735086.0,223.39,120.78
111,4/20/2020,1580,34777,92.96,48.45,18479.0,121412.0,182.17,90.99,40682.0,759687.0,230.86,118.97
112,4/21/2020,1690,36823,98.43,50.63,19049.0,125265.0,187.95,88.84,42539.0,787752.0,239.39,118.2
113,4/22/2020,1834,38413,102.68,51.16,20273.0,130119.0,195.24,87.95,45063.0,825041.0,250.72,119.4
114,4/23/2020,1974,40179,107.4,51.94,21120.0,134879.0,202.38,87.39,46784.0,842629.0,256.07,114.44
115,4/24/2020,2146,42099,112.53,53.37,21802.0,140366.0,210.61,88.34,49963.0,869172.0,264.13,111.71
116,4/25/2020,2302,43877,117.28,55.0,22812.0,145524.0,218.35,89.6,51017.0,890524.0,270.62,109.58
117,4/26/2020,2465,45341,121.2,56.07,23627.0,150494.0,225.81,91.69,53189.0,939053.0,285.37,115.93
118,4/27/2020,2560,46884,125.32,56.72,23991.0,154242.0,231.43,92.08,54876.0,965910.0,293.53,116.49
119,4/28/2020,2707,48489,129.61,57.32,24311.0,157715.0,236.64,91.02,56245.0,988451.0,300.38,115.16
120,4/29/2020,2859,50015,133.69,57.87,25280.0,162421.0,243.7,91.59,58355.0,1012583.0,307.72,113.33
121,4/30/2020,2996,51587,137.89,57.49,26049.0,167150.0,250.8,91.09,60966.0,1039909.0,316.02,112.01
122,5/1/2020,3184,53236,142.3,57.11,26683.0,172592.0,258.96,91.31,63006.0,1069826.0,325.11,111.73
123,5/2/2020,3391,55061,147.18,58.06,27381.0,177558.0,266.42,91.33,65068.0,1103781.0,335.43,112.04
124,5/3/2020,3566,56714,151.6,58.64,27965.0,182295.0,273.52,91.35,66385.0,1133069.0,344.33,113.47
125,5/4/2020,3682,59474,158.97,60.55,28218.0,185524.0,278.37,90.42,67682.0,1158041.0,351.92,112.53
126,5/5/2020,3854,60772,162.44,59.77,28490.0,188506.0,282.84,87.61,68934.0,1180634.0,358.78,108.06
127,5/6/2020,4043,62046,165.85,58.45,29216.0,191895.0,287.93,85.55,71078.0,1204475.0,366.03,109.96
128,5/7/2020,4232,63496,169.73,57.19,29863.0,195577.0,293.45,82.84,73431.0,1228603.0,373.36,109.23
129,5/8/2020,4408,64922,173.54,56.25,30321.0,199404.0,299.19,80.84,75670.0,1256972.0,381.98,111.36
130,5/9/2020,4569,66434,177.58,56.38,30900.0,203171.0,304.85,79.04,77180.0,1283929.0,390.17,104.8
131,5/10/2020,4693,67702,180.97,55.65,31175.0,206234.0,309.44,78.01,78794.0,1309541.0,397.96,104.43
132,5/11/2020,4871,68848,184.03,54.42,31392.0,208391.0,312.68,76.04,79528.0,1329799.0,404.11,103.73
133,5/12/2020,4993,69981,187.06,53.37,31579.0,210720.0,316.17,72.47,80684.0,1347916.0,409.62,101.9
134,5/13/2020,5169,71157,190.2,52.31,32193.0,214306.0,321.55,70.75,82387.0,1369964.0,416.32,100.3
135,5/14/2020,5304,72278,193.2,50.9,32640.0,217708.0,326.66,67.69,84133.0,1390746.0,422.64,97.52
136,5/15/2020,5472,73401,196.2,49.02,32992.0,221015.0,331.62,65.2,85906.0,1417889.0,430.88,95.45
137,5/16/2020,5562,74602,199.41,47.81,33342.0,223643.0,335.56,62.04,87568.0,1443397.0,438.64,94.31
138,5/17/2020,5679,75853,202.76,43.78,33753.0,226169.0,339.35,60.99,88754.0,1467884.0,446.08,94.16
139,5/18/2020,5782,76991,205.8,43.35,33820.0,228248.0,342.47,59.63,89562.0,1486757.0,451.81,93.03
140,5/19/2020,5842,78061,208.66,42.81,33966.0,230086.0,345.23,57.3,90353.0,1508598.0,458.45,92.42
141,5/20/2020,5912,79101,211.44,41.71,34466.0,232675.0,349.11,55.66,91921.0,1528568.0,464.52,91.16
142,5/21/2020,6030,80091,214.08,40.55,34794.0,235727.0,353.69,54.5,93439.0,1551853.0,471.59,89.61
143,5/22/2020,6152,81313,217.35,39.77,35067.0,238445.0,357.77,52.93,94702.0,1577287.0,479.32,89.15
144,5/23/2020,6250,82469,220.44,39.47,35358.0,241019.0,361.63,52.19,96007.0,1601434.0,486.66,88.7
145,5/24/2020,6355,83610,223.49,39.46,35578.0,243081.0,364.73,52.05,97087.0,1622670.0,493.12,89.0
146,5/25/2020,6424,84688,226.37,39.31,35957.0,244608.0,367.02,50.85,97720.0,1643238.0,499.37,89.75
147,5/26/2020,6545,85700,229.08,38.87,36061.0,245972.0,369.07,47.51,98220.0,1662302.0,505.16,88.84
148,5/27/2020,6639,86636,231.58,38.38,36192.0,247596.0,371.5,44.85,98916.0,1681212.0,510.91,88.27
149,5/28/2020,6765,87508,233.91,37.71,36614.0,249268.0,374.01,42.39,100442.0,1699933.0,516.6,85.71
150,5/29/2020,6877,88501,236.56,37.15,36957.0,251103.0,376.77,41.2,101617.0,1721750.0,523.23,84.59
151,5/30/2020,6979,89407,238.99,36.23,37231.0,252863.0,379.41,40.05,102836.0,1747087.0,530.92,84.85
152,5/31/2020,7073,90179,241.05,35.25,37385.0,254390.0,381.7,39.22,103781.0,1770384.0,538.0,86.19
153,6/1/2020,7295,90936,243.07,34.41,37445.0,255515.0,383.38,38.15,104383.0,1790191.0,544.02,85.57
154,6/2/2020,7326,91694,245.1,33.66,37531.0,256594.0,385.0,35.89,105147.0,1811277.0,550.43,85.91
155,6/3/2020,7395,92399,246.98,32.9,37780.0,258035.0,387.17,33.47,106181.0,1831821.0,556.67,85.08
156,6/4/2020,7498,93074,248.79,31.44,38034.0,259519.0,389.39,31.62,107175.0,1851520.0,562.66,83.34
157,6/5/2020,7637,93715,250.5,30.06,38164.0,260875.0,391.43,29.79,108211.0,1872660.0,569.09,82.42
158,6/6/2020,7703,94324,252.13,28.64,38422.0,262118.0,393.29,28.56,109143.0,1897838.0,576.74,83.62
159,6/7/2020,7773,95046,254.06,27.69,38565.0,263238.0,394.97,27.95,109802.0,1920061.0,583.49,84.12
160,6/8/2020,7800,95688,255.77,26.7,38619.0,264039.0,396.17,27.11,110514.0,1942363.0,590.27,85.11
161,6/9/2020,7835,96233,257.23,25.65,38666.0,264760.0,397.26,25.75,111007.0,1961185.0,595.99,85.08
162,6/10/2020,7897,96642,258.32,24.42,38861.0,265859.0,398.91,24.89,112006.0,1979850.0,601.66,85.06
163,6/11/2020,7960,97114,259.59,23.02,39025.0,267017.0,400.64,23.88,112924.0,2000464.0,607.92,84.7
164,6/12/2020,7994,97519,260.67,21.68,39101.0,268216.0,402.44,23.04,113820.0,2023347.0,614.88,83.95
165,6/13/2020,8049,97932,261.77,20.72,39232.0,269233.0,403.97,22.27,114669.0,2048986.0,622.67,84.66
166,6/14/2020,8107,98399,263.02,19.95,39339.0,270285.0,405.55,22.16,115436.0,2074526.0,630.43,86.41
167,6/15/2020,8146,98776,264.03,18.93,39366.0,271175.0,406.88,21.88,115732.0,2094069.0,636.37,85.94
168,6/16/2020,8175,99136,264.99,18.01,39395.0,271997.0,408.12,20.95,116127.0,2114026.0,642.43,85.76
169,6/17/2020,8213,99456,265.85,17.06,39515.0,273040.0,409.68,20.29,116963.0,2137731.0,649.64,86.98
170,6/18/2020,8254,99842,266.88,16.38,39625.0,274142.0,411.33,19.91,117717.0,2163290.0,657.41,88.32
171,6/19/2020,8300,100209,267.86,15.73,39692.0,275155.0,412.85,19.56,118434.0,2191052.0,665.84,89.11
172,6/20/2020,8346,100618,268.95,14.89,39776.0,276182.0,414.39,19.42,119112.0,2220961.0,674.93,91.44
173,6/21/2020,8410,101008,270.0,14.22,39847.0,277168.0,415.87,19.7,119719.0,2255119.0,685.31,95.04
174,6/22/2020,8430,101326,270.85,13.61,39878.0,277855.0,416.9,19.65,119975.0,2280912.0,693.15,97.16
175,6/23/2020,8436,101637,271.68,13.35,39892.0,278494.0,417.86,18.96,120402.0,2312302.0,702.69,101.03
176,6/24/2020,8454,101963,272.55,12.96,39986.0,279390.0,419.21,18.56,121228.0,2347022.0,713.24,105.32
177,6/25/2020,8484,102242,273.29,12.62,40073.0,280276.0,420.54,18.1,121979.0,2381361.0,723.68,108.8
178,6/26/2020,8504,102611,274.28,12.51,40172.0,281054.0,421.7,17.74,124416.0,2422310.0,736.12,113.45
179,6/27/2020,8508,102783,274.74,11.72,40249.0,281775.0,422.79,17.24,125039.0,2467837.0,749.95,119.52
180,6/28/2020,8516,103021,275.38,11.35,40289.0,282446.0,423.79,16.91,125539.0,2510323.0,762.87,126.5
181,6/29/2020,8522,103239,275.96,10.97,40320.0,283095.0,424.77,16.65,125804.0,2548996.0,774.62,132.18
182,6/30/2020,8566,103907,277.74,11.9,40341.0,283541.0,425.44,15.76,126140.0,2590552.0,787.25,137.61
183,7/1/2020,8591,104193,278.51,11.63,40394.0,284271.0,426.53,15.2,127410.0,2634432.0,800.58,143.18
184,7/2/2020,8591,104193,278.51,10.65,40491.0,284888.0,427.46,14.6,128062.0,2686480.0,816.4,150.56
185,7/3/2020,8642,104760,280.02,11.07,40532.0,285539.0,428.43,14.04,128740.0,2739879.0,832.63,157.69
186,7/4/2020,8663,105079,280.88,10.88,40581.0,286141.0,429.34,13.46,129434.0,2794321.0,849.17,163.86
187,7/5/2020,8674,105305,281.48,10.64,40613.0,286720.0,430.21,13.3,129676.0,2839542.0,862.91,169.76
188,7/6/2020,8684,105524,282.07,10.39,40632.0,287121.0,430.81,12.94,129947.0,2888635.0,877.83,175.14
189,7/7/2020,8693,105923,283.13,10.59,40643.0,287676.0,431.64,12.43,130306.0,2938625.0,893.02,179.78
190,7/8/2020,8711,106155,283.75,10.46,40697.0,288380.0,432.7,12.16,131480.0,2996098.0,910.49,186.81
191,7/9/2020,8737,106422,284.47,10.19,40754.0,288977.0,433.59,11.89,132309.0,3055004.0,928.39,192.27
192,7/10/2020,8749,106793,285.46,10.72,40785.0,289670.0,434.63,11.85,133291.0,3118008.0,947.54,197.58
193,7/11/2020,8759,107114,286.32,10.94,40819.0,290385.0,435.71,11.91,134097.0,3184633.0,967.78,204.92
194,7/12/2020,8773,107335,286.91,10.95,40836.0,290950.0,436.55,11.79,134814.0,3247684.0,986.94,212.33
195,7/13/2020,8783,107579,287.56,9.82,40845.0,291392.0,437.22,11.78,135205.0,3304942.0,1004.34,217.1
196,7/14/2020,8790,108144,289.07,10.56,40855.0,291753.0,437.76,11.23,135605.0,3363056.0,1022.0,221.42
197,7/15/2020,8798,108475,289.95,11.45,40899.0,292479.0,438.85,11.39,136466.0,3431574.0,1042.83,226.43
198,7/16/2020,8810,108816,290.87,10.84,40925.0,293164.0,439.88,11.44,137419.0,3499291.0,1063.4,230.78
199,7/17/2020,8827,109253,292.03,11.16,40949.0,293936.0,441.03,11.7,138358.0,3576221.0,1086.78,237.61
200,7/18/2020,8839,109658,293.12,11.64,40975.0,294640.0,442.09,11.88,139266.0,3647715.0,1108.51,245.6
201,7/19/2020,8839,109658,293.12,11.05,40984.0,295209.0,442.94,12.14,140119.0,3711464.0,1127.88,250.05
202,7/20/2020,8852,110338,294.93,11.8,40995.0,295702.0,443.68,12.04,140534.0,3773260.0,1146.66,253.64
203,7/21/2020,8858,111113,297.01,13.25,41005.0,296115.0,444.3,11.61,140906.0,3830010.0,1163.91,253.42
204,7/22/2020,8862,111684,298.53,14.07,41030.0,296908.0,445.49,11.9,142066.0,3902058.0,1185.8,257.41
205,7/23/2020,8870,112227,299.98,14.53,41047.0,297659.0,446.62,11.99,143190.0,3970906.0,1206.72,259.19
206,7/24/2020,8874,112659,301.14,14.82,41056.0,298432.0,447.78,12.07,144242.0,4034102.0,1225.93,258.15
207,7/25/2020,8881,113193,302.57,15.66,41088.0,299163.0,448.88,12.32,145546.0,4112529.0,1249.76,262.82
208,7/26/2020,8885,113543,303.5,15.94,41103.0,299830.0,449.88,12.66,146460.0,4178027.0,1269.67,265.32
209,7/27/2020,8890,113898,304.45,15.38,41111.0,300251.0,450.51,12.75,146935.0,4234020.0,1286.68,264.68
210,7/28/2020,8901,114597,306.32,16.36,41114.0,300622.0,451.07,12.22,148011.0,4290263.0,1303.77,260.95
211,7/29/2020,8912,114980,307.34,16.48,41135.0,300692.0,451.17,11.3,149256.0,4351997.0,1322.53,259.13
212,7/30/2020,8917,115456,308.61,16.58,41169.0,301455.0,452.32,11.28,150713.0,4426982.0,1345.32,258.54
213,7/31/2020,8929,115785,309.49,16.38,41169.0,302301.0,453.58,11.49,152070.0,4495014.0,1366.0,257.49
214,8/1/2020,8935,116298,310.87,17.75,41189.0,303181.0,454.9,11.96,153314.0,4562037.0,1386.36,258.48
215,8/2/2020,8941,116585,311.63,16.7,41202.0,303952.0,456.06,12.38,154447.0,4620444.0,1404.11,257.45
216,8/3/2020,8945,116870,312.39,15.39,41207.0,304695.0,457.18,12.87,154860.0,4667955.0,1418.55,254.64
217,8/4/2020,8947,117017,312.79,14.26,41208.0,305623.0,458.57,13.08,155403.0,4713562.0,1432.41,246.61
218,8/5/2020,8958,117777,314.82,14.84,41226.0,306293.0,459.57,12.95,156806.0,4771087.0,1449.89,243.17
219,8/6/2020,8962,118172,315.87,14.74,41240.0,307184.0,460.91,13.13,158256.0,4823891.0,1465.94,240.01
220,8/7/2020,8966,118546,316.87,14.31,41258.0,308134.0,462.34,13.46,160104.0,4883646.0,1484.1,234.34
221,8/8/2020,8970,118970,318.01,14.51,41270.0,309005.0,463.64,13.77,161356.0,4941796.0,1501.77,232.1
222,8/9/2020,8976,119206,318.64,14.19,41273.0,309763.0,464.78,14.27,162425.0,4998017.0,1518.85,232.17
223,8/10/2020,8981,119451,319.29,12.97,41278.0,310825.0,466.37,15.31,162938.0,5044864.0,1533.09,229.32
224,8/11/2020,8987,120117,321.07,13.73,41296.0,311641.0,467.6,16.43,163461.0,5094394.0,1548.14,225.61
225,8/12/2020,8991,120406,321.85,13.23,41309.0,312789.0,469.32,17.01,164537.0,5141207.0,1562.37,217.05
226,8/13/2020,9006,120829,322.98,13.48,41329.0,313798.0,470.84,17.25,166027.0,5197148.0,1579.37,213.37
227,8/14/2020,9015,121234,324.06,13.19,41347.0,314927.0,472.53,17.62,167110.0,5248242.0,1594.9,208.53
228,8/15/2020,9020,121652,325.18,13.54,41358.0,316367.0,474.69,18.63,168446.0,5313080.0,1614.6,210.49
229,8/16/2020,9024,121889,325.81,13.42,41361.0,317444.0,476.31,19.13,169481.0,5361165.0,1629.21,210.66
230,8/17/2020,9026,122087,326.34,13.55,41366.0,318484.0,477.87,19.3,170052.0,5403269.0,1642.01,209.6
231,8/18/2020,9032,122872,328.44,13.62,41369.0,319197.0,478.94,19.36,170497.0,5438325.0,1652.66,202.77
232,8/19/2020,9045,123154,329.19,13.32,41381.0,320286.0,480.57,19.66,171821.0,5482416.0,1666.06,200.12
233,8/20/2020,9049,123490,330.09,13.22,41397.0,321098.0,481.79,19.45,173177.0,5529842.0,1680.47,196.37
234,8/21/2020,9054,123873,331.11,13.11,41403.0,322280.0,483.56,19.92,174255.0,5573847.0,1693.84,192.07
235,8/22/2020,9064,124372,332.45,13.81,41405.0,323313.0,485.11,20.33,175406.0,5623727.0,1709.0,190.15
236,8/23/2020,9071,124629,333.13,13.84,41423.0,324601.0,487.04,20.67,176362.0,5668105.0,1722.49,189.4
237,8/24/2020,9073,124896,333.85,12.77,41429.0,325642.0,488.61,21.01,176806.0,5702611.0,1732.97,184.83
238,8/25/2020,9083,125647,335.86,14.01,41433.0,326614.0,490.06,20.74,177279.0,5740909.0,1744.61,182.24
239,8/26/2020,9090,125969,336.72,13.74,41449.0,327798.0,491.84,21.01,178486.0,5779028.0,1756.2,176.83
240,8/27/2020,9094,126417,337.91,13.85,41465.0,328846.0,493.41,20.88,179714.0,5821876.0,1769.22,174.32
241,8/28/2020,9102,126848,339.07,13.89,41477.0,330368.0,495.7,21.01,180824.0,5867785.0,1783.17,168.57
242,8/29/2020,9108,127358,340.43,14.62,41486.0,331644.0,497.61,21.31,181773.0,5917439.0,1798.26,169.05
243,8/30/2020,9113,127673,341.27,14.93,41498.0,332752.0,499.27,21.41,182779.0,5961582.0,1811.67,169.67
244,8/31/2020,9117,127940,341.98,13.55,41499.0,334467.0,501.85,22.91,183069.0,5997163.0,1822.49,169.83
245,9/1/2020,9126,128948,344.68,15.49,41501.0,335873.0,503.96,23.39,183598.0,6031013.0,1832.77,166.71
246,9/2/2020,9132,129425,345.95,15.86,41504.0,337168.0,505.9,24.11,184689.0,6075652.0,1846.34,165.87
247,9/3/2020,9135,129923,347.29,16.17,41514.0,338676.0,508.16,24.6,185744.0,6114406.0,1858.12,164.27
248,9/4/2020,9141,130493,348.81,16.36,41527.0,340411.0,510.77,25.65,186797.0,6150655.0,1869.13,160.13
249,9/5/2020,9141,131124,350.5,17.36,41537.0,342351.0,513.68,26.63,187765.0,6201726.0,1884.65,162.16
250,9/6/2020,9143,131495,351.49,17.64,41549.0,344164.0,516.4,27.79,188538.0,6245866.0,1898.06,165.09
251,9/7/2020,9145,131895,352.56,16.7,41551.0,347152.0,520.88,30.82,188941.0,6276421.0,1907.35,162.74
252,9/8/2020,9146,132142,353.22,16.5,41554.0,350100.0,525.3,33.46,189208.0,6300671.0,1914.72,158.52
253,9/9/2020,9153,133748,357.51,19.6,41586.0,352560.0,529.0,35.58,189679.0,6327793.0,1922.96,153.74
254,9/10/2020,9155,134294,358.97,19.9,41594.0,355219.0,532.98,37.29,190815.0,6359720.0,1932.66,149.49
255,9/11/2020,9163,134924,360.65,20.22,41608.0,358138.0,537.36,39.75,191789.0,6397227.0,1944.06,145.8
256,9/12/2020,9163,135626,362.53,21.26,41614.0,361677.0,542.67,43.4,193016.0,6445288.0,1958.67,146.99
257,9/13/2020,9170,136141,363.91,21.92,41623.0,365174.0,547.92,46.07,193701.0,6486108.0,1971.07,148.59
258,9/14/2020,9171,136659,365.29,20.61,41628.0,368504.0,552.92,48.96,194079.0,6519979.0,1981.37,148.59
259,9/15/2020,9179,138010,368.9,22.95,41637.0,371125.0,556.85,50.95,194530.0,6554820.0,1991.95,145.62
260,9/16/2020,9188,138803,371.02,23.74,41664.0,374228.0,561.51,53.34,195937.0,6606293.0,2007.6,149.48
261,9/17/2020,9193,139747,373.54,24.74,41684.0,378219.0,567.49,56.73,196802.0,6630891.0,2015.07,145.94
262,9/18/2020,9200,140867,376.54,26.04,41705.0,381614.0,572.59,58.91,197633.0,6674458.0,2028.31,143.66
263,9/19/2020,9205,141911,379.33,27.84,41732.0,385936.0,579.07,62.68,198589.0,6724667.0,2043.57,145.5
264,9/20/2020,9211,142774,381.64,29.08,41759.0,390358.0,585.71,64.83,199258.0,6764962.0,2055.81,148.46
265,9/21/2020,9217,143649,383.97,30.76,41777.0,394257.0,591.56,66.25,199509.0,6804814.0,2067.92,153.2
266,9/22/2020,9228,145415,388.7,31.19,41788.0,398625.0,598.11,69.12,199881.0,6857967.0,2084.08,161.12
267,9/23/2020,9234,146663,392.03,33.06,41825.0,403551.0,605.5,72.52,200807.0,6896274.0,2095.72,163.05
268,9/24/2020,9243,147753,394.94,34.29,41862.0,409729.0,614.77,77.41,201909.0,6934204.0,2107.24,163.18
269,9/25/2020,9249,149094,398.53,36.0,41902.0,416363.0,624.73,82.05,202810.0,6978417.0,2120.68,162.01
270,9/26/2020,9255,150456,402.17,38.26,41936.0,423236.0,635.04,87.12,203774.0,7033430.0,2137.4,166.33
271,9/27/2020,9262,151671,405.42,40.13,41971.0,429277.0,644.1,91.19,204497.0,7078798.0,2151.19,169.82
272,9/28/2020,9268,153125,409.3,40.4,41988.0,434969.0,652.64,95.79,204756.0,7115046.0,2162.2,170.25
273,9/29/2020,9278,155301,415.12,44.1,42001.0,439013.0,658.71,97.21,205070.0,7148044.0,2172.23,164.63
274,9/30/2020,9291,156961,419.56,46.01,42072.0,446156.0,669.43,101.94,205998.0,7191061.0,2185.3,170.23
275,10/1/2020,9297,158758,424.36,47.82,42143.0,453264.0,680.1,107.51,206928.0,7233043.0,2198.06,169.75
276,10/2/2020,9319,160535,429.11,49.78,42202.0,460178.0,690.47,111.4,207808.0,7277814.0,2211.67,168.1
277,10/3/2020,9409,162659,434.79,53.15,42268.0,467146.0,700.92,115.22,208716.0,7332285.0,2228.22,172.4
278,10/4/2020,9462,164471,439.63,55.66,42317.0,480017.0,720.24,128.68,209394.0,7382944.0,2243.61,175.69
279,10/5/2020,9481,166156,444.14,55.44,42350.0,502978.0,754.69,156.58,209794.0,7417845.0,2254.22,170.14
